GiftId,Latitude,Longitude,Weight
22,47.3626446387,61.06830691930001,27.113173180700002
24,36.4035868261,65.8513733791,1.0
25,52.218524018100005,10.2652145163,26.428845195100003
100,75.28561934689999,-100.09782632299999,1.0
145,25.593779851100003,8.097797433239998,4.59831641759
176,16.7696731517,-98.9436684639,31.207369082899998
216,25.9781391725,60.744829215100005,1.0
482,32.6955110912,-98.88962517,1.0
591,46.8417555346,-100.465092304,14.6071952872
622,40.8180682571,60.164561364799994,1.0
675,45.1038038533,-100.47614144,1.0
779,28.516519829,8.16486960178,4.719923380919999
1199,32.4647595828,-100.099624775,7.809263039
1244,33.2815828253,-96.095232764,8.160312866970001
1302,30.7288350521,8.3922369331,23.7787009559
1374,34.737409063499996,61.218284586,41.5504120656
1380,45.776081865,60.7521870792,2.52681613792
1382,66.80612646739999,67.813599845,8.7920014084
1387,49.7405537186,67.5576924133,12.8696177778
1596,34.5565720329,-98.01735209600001,1.0
1878,30.334433799,-98.7290062171,16.5909879134
1973,39.6995030115,-98.4474692763,17.3468152721
2023,28.938697242399996,-99.0793595263,13.852960548299999
2172,75.7162445942,61.166183946400004,22.9654896015
2191,-73.853410155,58.8378548532,35.7190953131
2192,39.9918627767,68.2802175569,22.0797634481
2486,38.6700258079,-99.97317947239999,34.3006665993
2528,19.4163716986,-98.02822428649999,1.43278798036
2547,69.4477172779,-97.66472010860001,15.1038980152
2640,33.5170006679,9.12896326447,1.0
2785,60.3219020225,-99.6397261531,1.0
2835,43.2817603514,60.9224152243,10.3604132343
2885,32.6776693019,8.161178491880001,40.7460466597
3025,45.6397789974,61.0549636549,1.02157017846
3078,50.51519800689999,-100.21754131700001,1.0
3180,46.2855198847,-98.5333139288,9.86759727918
3229,42.7907054871,60.1766317345,15.1844692947
3314,43.43749457609999,61.40305830729999,27.4935460962
3534,49.424992173,-97.43753720790001,42.6409539642
3793,27.0324165141,-98.96072638940001,1.0
4046,31.4915549797,60.2562685695,7.590084581980001
4374,61.8078569504,60.9172848775,13.953684231199999
4378,59.688187914,8.82982180033,39.0622888454
4451,33.3423739538,-98.8908654041,38.7994119911
4470,40.493023929,-98.5970540324,27.2441465898
4542,25.573277739899996,-100.046030206,1.9583093902200002
4557,-78.1254332581,61.565176039499995,1.0
4713,35.7866042128,60.3027865774,19.5847417338
4799,26.219222964,7.4934459939,1.0
4815,24.3973462336,-100.36615944299999,1.0
4819,52.170097621400004,-98.6805892547,21.7240138994
5088,37.5117077361,-100.19954383700001,49.4471615579
5107,55.766857045,-98.6306463281,1.0
5223,49.5957585338,-100.031108845,1.0
5270,26.717772916100003,61.2388075004,5.532501402359999
5327,49.7776538762,60.917899488100005,24.641386498499998
5329,42.032291607800005,-98.62134094950001,6.7245448867199995
5424,50.9579139792,8.571479375,29.1002264843
5546,44.077730046300005,-98.8035252184,23.204473441100003
5554,-79.04327099359999,62.3001805155,6.94273380104
5645,35.1107201265,9.274620295850001,16.4902045269
5665,57.227613321099994,61.167405121499996,15.1098582801
5760,19.7897560226,-98.69876653610001,20.4892108096
5823,43.3234962328,-98.6168139558,1.0
5864,61.631042548900005,-98.78542150879998,1.0
5932,33.7965051622,-96.4243231626,1.0
6018,30.004500051500003,7.42450605385,21.8665177171
6169,63.4417605525,61.2848520444,1.0
6188,55.1013579729,60.7650969313,3.37884096318
6256,16.2932353434,-97.9908924158,7.36000029624
6257,38.5428918618,61.067799236099994,43.391902207600005
6265,42.2162234148,9.205363942269999,1.0
6619,28.901552020100002,-97.3328410677,5.50037826598
6664,34.055725268,61.0914908201,25.7240550927
6934,16.7310458643,-98.61149276399999,44.210888374899994
7085,28.201536497800003,8.845543372189999,1.0
7223,64.8493284031,-98.6359863344,41.4791787932
7235,24.7072457032,-99.2600113491,27.1024594527
7623,30.752321659499998,-97.0506297167,1.0
7650,52.756442765900005,8.82733905532,12.9009483932
7893,34.0447122716,-96.59945107290001,1.0
8011,49.5577029076,60.825642136199995,11.0662723423
8291,26.8597642078,61.486143781,2.0858416537299997
8303,26.0361437275,60.446867171,22.084359433899998
8394,20.9712720738,8.200954079310002,1.0
8404,38.1769410506,63.5877955275,1.0
8423,56.734852383,67.4918668561,1.0
8463,25.5479144709,7.50669296375,31.874326078800003
8548,42.5503104686,67.5516363313,15.4389740646
8715,37.848358276199995,60.032287695600004,1.9481452671700001
8743,40.6754467573,-98.6109145617,43.3671799542
8845,28.2353408454,8.656457775069999,1.0
8880,32.9747948412,60.5002676793,16.3582838387
8993,23.8133367426,8.17533643515,1.0
9022,33.828561497399996,9.092670840750001,6.780035030569999
9030,48.2349101085,-99.04256035739999,17.055663258800003
9062,37.417522830100005,60.9381612969,1.0
9278,43.471025087799994,-97.39648399219999,1.0
9351,31.1420285298,-96.2208989378,50.0
9536,27.6955861673,7.492617278019999,20.0792717869
9589,62.6030820575,10.771865278599998,1.0
9662,30.1039344097,60.9670439812,31.806157665300002
9854,55.830672703599994,60.9511384013,6.44552751271
9895,49.8108249015,10.0261588194,6.01142790949
9964,30.6494242389,7.35683231982,27.516184949499998
10081,27.982737351,61.0400668922,26.456338854299997
10085,55.3880634241,60.201549890200006,1.0
10091,39.4064195666,61.050108439300004,1.0
10123,40.4476892848,60.9762032282,1.0
10182,64.3909263858,-99.2500288178,24.6331664611
10204,29.8454232946,9.03424001223,1.0
10336,50.495240368699996,67.641116893,1.0
10366,32.8716631848,8.33474674168,1.0
10667,26.1567135461,60.8891093441,1.0
10887,46.8984198275,-98.3718424799,1.0
10921,31.4726010663,9.36901613684,1.0
10956,20.7029439153,-98.6522763367,14.709725515899999
11042,-77.4223566555,60.6242501153,1.0
11264,47.508663473599995,-100.99285323299999,41.3722676559
11411,49.6465941436,-98.87704387129999,1.0
11417,65.9158045118,61.1110397617,1.0
11633,33.3362408447,8.2904007376,19.2309165389
11797,48.23860109020001,-98.4754480478,1.0
11862,54.78043432,60.133917346400004,1.0
12229,27.5274487316,-97.53603796639999,1.9670511468
12348,34.5450895737,7.62354400531,27.926959706199998
12377,48.8177309779,67.52208625520001,1.0
12502,31.324255606999998,-96.9961449058,29.9238171207
12516,45.451868323,7.967187697510001,12.061980536099998
13115,49.0108260605,-96.61584516180001,22.3592492709
13247,61.9880103002,-98.69884471719999,24.5102200274
13303,37.5442648869,-98.72545613129999,1.0
13320,59.0659574938,-98.4386357805,23.498885069099998
13506,24.7490227839,8.298095432250001,27.4307583447
13663,45.5392155979,-100.962392775,1.0
13707,24.6847849191,8.22236222577,1.0
13729,53.374243794499996,67.5411828805,1.0
13768,51.722630475500004,8.302280253180001,24.2249092683
14017,28.8844447599,-97.41823492360001,26.2227397289
14031,40.0412124967,60.843876018100005,1.0
14284,68.6824705485,-97.6333954918,34.4443050947
14306,73.5889628375,-98.71320605700001,1.0
14310,16.5057635035,-97.9132767737,7.615300395569999
14326,37.4237154086,67.1723930526,1.0
14397,45.882886327899996,61.1132722031,1.0
14410,-67.4854421529,60.420523250200006,17.8894478798
14447,67.3541802758,67.8275210507,19.0126567578
14480,32.030937468699996,-97.0314247498,26.8364814025
14815,49.8578952784,10.0415390354,20.532110370599998
14887,44.9903868161,60.2197899992,28.1076755728
14985,73.6649749212,-97.44024777979999,13.8430091295
14989,35.543706875,-98.16692380090001,7.631453934910001
15036,54.148697762299996,-98.59713630899999,39.6024401159
15079,47.9066782855,-100.12091861299999,9.1711663697
15161,28.793346259499998,8.05739267697,18.4813714985
15187,76.4419483771,-100.309474436,46.8392241375
15190,49.051105604899995,-100.517668874,5.85614827134
15322,48.9709381682,60.7262804825,1.0
15398,49.2626166933,61.0556491223,1.0
15551,42.1317606114,-98.3868218314,1.0
15563,44.448946771,7.8137130175,50.0
15720,-72.8399890521,59.380231052,18.9442329379
15791,39.2795297295,60.129111503400004,1.0
15850,29.7422872176,-96.53941458700001,9.75730755436
15854,48.2302640748,8.50498528688,23.1623524307
16011,49.2551700282,-98.3376233683,2.31623940699
16137,46.162465429899996,9.31458652035,20.9647817416
16284,31.0498599157,-99.99377554809999,16.6527195349
16486,32.8917645091,-98.8335308095,2.20355323036
16612,66.06940547149999,61.1697976129,27.5942839925
16613,47.26034279,-101.02808127600001,13.596400920699999
16648,26.7616411898,61.659732749899995,7.5968806312699995
16659,31.5462921337,60.7763970528,28.317684051700002
16663,36.8370442973,-98.4882807183,27.6002859871
16682,36.3155564492,-98.3821414919,50.0
16703,-76.8901709843,60.1508615268,7.47626777897
16922,22.804689261900002,-99.3822178243,1.0
16923,36.5826908983,-96.2251458325,11.2633455315
16933,29.4814207252,8.97131302935,1.0
17095,65.3246454825,-100.227140095,12.4406629651
17109,52.260391804899996,-96.64304606440001,1.0
17163,42.544603037399995,61.3945792521,1.0
17204,39.6389161212,-96.3994001585,17.0487524906
17341,32.2531134911,-96.26813896670001,18.6558370999
17405,42.5641919395,-98.6717732416,25.3697156038
17406,41.627098066799995,67.53275923609999,18.7588896148
17428,67.4459725049,-100.23307266200001,1.0
17434,46.8198325401,8.60112063709,8.53516912398
17678,28.4732385267,-96.7492371648,13.852335923699998
17827,28.9575293221,-97.1601913613,1.0
17841,37.6402346932,68.23442348489999,29.2396499048
17952,62.2246720079,60.991150266000005,6.47223088661
18045,33.362918604,-97.48065130170001,1.62814704983
18164,30.6510472091,8.226181115960001,1.0
18256,19.6277429323,-99.05211678479999,29.971890528000003
18293,33.067530665599996,8.409587483960001,3.8352263804400004
18386,30.489306484,-96.72022198319999,18.0094310462
18554,36.896671886,8.36133945341,1.0
18701,60.8882554797,-97.0976543993,1.0
18731,48.315938180500005,-98.30107882040001,11.6618673283
18737,23.831654028000003,-98.73229226,38.8555916763
18759,48.2092891287,-98.7239902311,1.0
18896,54.146185922600004,60.749203729899996,1.0
19013,54.1433055127,-100.414639418,2.7740035117799997
19172,65.568023687,-100.328868039,21.4115275905
19185,31.702799536100002,-96.2597930705,43.183878948
19241,32.881341372399994,60.181317200600006,44.3719195218
19247,55.9307235796,8.78781657293,1.0
19254,16.8526123245,-98.4804846492,1.0
19264,64.1281798749,67.8600462691,34.3507556876
19272,39.5542568623,68.1763005196,8.940846961330001
19319,49.6597169889,67.6261027465,19.8600982661
19422,-77.8398002108,62.1016123966,38.3852116339
19751,42.9513707902,-98.9677434508,1.0
19835,46.0191436518,-100.780902008,1.0
19883,29.880264324000002,-96.3057448617,8.09350694607
19909,31.615842534299997,7.59520084548,1.0
20183,37.430712358899996,67.93282674,1.0
20320,50.441280376,8.53494100212,1.0
20479,36.0444808771,-98.79658102309999,1.0
20509,44.699802722600005,67.4677837079,3.6599659366900004
20561,29.2876224194,-99.9431097201,1.0
20640,54.1486939918,-96.75282169030001,19.5205279671
20845,57.8749668691,60.2108278834,38.5474827746
20872,27.2251032331,-98.3646550239,1.0
20920,44.200550261400004,60.2754400471,26.105428724899998
20967,51.500071373100006,-97.3653219197,14.6059388487
21078,50.670550179799996,-97.5370592829,1.0
21268,-80.1709699811,71.522086946,4.79985743833
21382,53.395498641,60.8879030943,13.6221236597
21500,-70.9925474848,60.6929667097,28.820555145500002
21573,35.6654065898,-96.17449876709999,1.0
21617,32.7581841214,-100.09852698899999,1.0
21742,49.407632892399995,-98.8516945138,2.34181665146
21856,26.535671569699996,-100.128392261,47.1033521623
21988,35.4702939486,61.0858771736,3.4865644991900004
22032,25.9604751875,60.389854263900006,14.192505210799998
22076,57.912093552200005,-96.80735527540001,1.0
22099,25.0298854533,8.20992119771,28.616759344200002
22105,26.222857349499996,61.4455449492,1.0
22164,39.4089155187,9.32904990598,18.973519388299998
22267,40.9782922183,-97.5546286276,25.559330107399997
22317,-76.94994029520001,59.9243258296,1.0
22341,39.283510885300004,-98.65155209139999,18.8865274637
22582,46.676694368599996,-98.7529358567,46.355166069300004
22616,45.283205858100004,-99.16114095879999,1.0
22686,20.7085846821,8.213965545510002,1.8592278234200001
22747,57.53793507979999,60.2049753967,50.0
22763,24.0435421842,-100.025712875,3.11594493129
23000,-70.1087389411,59.6151749171,12.6870435629
23010,62.0483688883,10.756038733499999,12.5485299675
23040,-77.4806205141,60.622097716000006,30.1260878701
23044,61.1021301834,-97.119490946,18.0058339827
23190,28.171244919299998,60.955058888500005,8.00691690346
23200,59.3616319804,-97.5096399168,1.0
23306,24.5421816698,7.873280954019999,13.106579343
23395,39.2506375552,-96.42052827040001,29.233438068
23400,68.06786232600001,-98.54296932209999,2.8519569197099996
23503,44.4448036454,-98.4414482552,1.0
23613,50.0221757816,-97.49570688280001,6.609982603019999
23883,55.9627670863,60.9752205287,13.593379607200001
23996,24.9798318654,-98.62247061139999,1.0
24059,38.4176026718,-98.79136422090001,7.011315505489999
24210,52.3150819057,67.7938841669,17.235166414000002
24368,34.8963071541,-95.9158879015,16.6204636949
24491,37.2190475929,-98.7996668756,14.6585227748
24570,-70.0941795063,59.713168119399995,50.0
24601,67.7391546197,61.2632604699,1.0
24702,50.520151545,-97.4659232974,1.0
24703,54.439751550299995,61.0893990451,14.1431549309
24706,67.7489207944,-98.3823110298,2.19066027089
24784,36.6481031616,9.22614640273,26.735669222800002
24827,-77.2710790255,71.0222178731,1.0
24838,22.331766080900003,7.973182152100001,1.2032960455700001
24944,41.5015799701,9.25475319113,21.0289061991
25089,-75.07974625359999,60.13789425979999,11.798037161600002
25123,40.009929013699995,-98.88355536590001,1.0
25251,50.4026773465,8.143761236769999,16.3534213165
25359,36.2637999181,7.8589512705299995,49.067983756000004
25396,49.4299669867,-98.8192982335,7.884697665639999
25546,-81.7219175587,69.98189867149999,4.46099212556
25558,44.3805223039,8.58151267496,1.0
25695,-80.8833603766,63.6352277083,15.5322844634
25758,54.2717313854,60.9530031936,1.0
25981,51.0411381116,60.8926468009,2.30097968564
26121,31.803437830700002,-97.0202735683,16.1510430406
26162,30.1423864587,60.8914923404,28.2248678369
26272,-69.7403061526,59.630837829099995,26.303725534899996
26324,17.2134354027,-98.3083347188,1.0
26421,44.110882593999996,61.2907229387,1.0
26539,75.5775290986,-100.67489075799999,6.60236843604
26712,28.3824394851,61.3147896045,1.0
26734,35.9527236707,-98.8221148651,1.0
26889,35.9103548544,-98.65264483280001,29.2211451491
26953,60.8011363367,-99.52673505700001,27.068767215999998
26998,28.0337809324,-100.143671327,33.6015454877
27102,39.927740792,-98.9300088731,10.670332823899999
27130,42.589005099,-98.92180976889999,12.5934194664
27559,52.342945724399996,59.9878555169,4.83713797315
27562,53.702873268699996,8.83109075969,16.6868514462
27796,53.5573187468,60.122598774,1.0
27805,37.0395662614,-96.9578769827,1.0
28010,57.853449966599996,-98.69316293530001,33.9797156316
28057,25.5435348233,7.5517568201800005,34.2316193806
28340,29.9601377201,-100.02692292200001,19.0733486844
28479,33.6780865484,-96.77284682780001,4.5191703263
28494,28.6900682542,60.7188705622,18.529023671199997
28534,20.8146037756,-99.2482802096,26.151934052399998
28603,64.2806419375,-100.175818159,6.0625413876
28795,34.1368441639,60.721349286599995,16.1044918421
28951,32.490613824200004,8.23238926183,1.0
28986,35.1603394661,-96.6343506183,1.0
29202,26.802319695100003,-99.98011463620001,1.0
29530,46.2600190471,-99.9758791934,21.998654286799997
29552,30.5747423893,-96.9101954501,31.0323500873
29591,50.940063196000004,-98.5108534352,50.0
29671,-78.9201078066,62.453682848199996,9.87896285011
29705,51.5865817653,67.7946690712,29.0246373516
29708,40.5900645648,8.547946082080001,15.6358303757
30008,-71.7125829312,59.968244848299996,13.6450338556
30023,35.6905265907,61.0793291708,30.755430340700002
30040,55.492543210200004,-97.56193340909999,29.1849107409
30130,51.99231061850001,60.7416252754,19.1138419256
30144,76.3009260287,68.2210593618,49.2491051073
30268,41.855620748,-96.3783330555,2.1813328973700004
30406,40.5813989057,68.1028530951,7.85865247994
30539,17.1008080873,-97.6028245566,1.0
30615,29.0913389809,-96.3559151453,24.1485655821
30647,47.336939508,-101.011520428,1.0
30713,-74.2465517978,59.4383530832,5.6031055078
31151,53.378663663999994,-100.119624519,17.7903021425
31156,46.8303181384,-98.8654671427,1.0
31279,33.0593003511,7.48808615508,42.7483859534
31355,60.853966165699994,-98.45626360879999,1.0
31400,34.138988083499996,8.281506840619999,50.0
31479,37.9077896146,63.665400564399995,1.0
31716,16.59029436,-98.12026080780001,24.922214366
31774,62.5362334858,-97.4143411892,1.0
31792,53.88953421430001,-98.43591569969999,9.7568795826
31853,47.2960104079,-97.5209785001,12.379683025
31878,56.497924348599994,-97.55653953209999,31.7582897883
31888,34.8887017806,-100.27346911299999,30.2131171659
31913,28.9715059173,9.01773552673,9.58668137746
31919,77.8188976141,-99.8791077867,6.78347079181
31927,26.575446350900002,-99.64567110120001,1.0
31952,-81.3100979225,66.2627855396,11.0130958734
32034,26.184249085900003,7.61838999026,1.0
32064,37.9975442834,68.1345406117,1.0
32087,63.0007705954,-97.17574524129999,17.544922023199998
32135,63.2759664157,10.8066822379,19.6853038143
32747,31.316466662699998,60.517227051000006,36.5874023877
33183,51.54125308850001,8.710393098039999,41.358037380700004
33270,80.4984996246,60.7819159872,1.0
33321,25.553822748800002,8.08433435151,1.0
33463,23.4085262268,7.651290829960001,1.0
33488,59.65789274,8.81565365374,9.58611706377
33513,54.1294537488,10.5424953576,26.3964374844
33518,68.289466942,60.8082372829,12.4741892103
33655,49.7938138629,60.201477743299996,14.3119453568
33712,60.916180715799996,60.3424496186,43.6988026066
34132,42.960687866499995,-98.2099167385,32.0504763518
34208,41.8071537033,61.159873726099995,50.0
34248,58.7434663775,8.80625582307,9.659853181830002
34289,36.2370349417,60.8393532591,9.01282261857
34411,61.5844673341,67.80162361229999,42.8582892493
34599,30.3761878773,9.26975360386,37.3126865201
34668,55.745528367,67.5300091834,50.0
34688,72.3899476335,-98.60080116809999,1.0
34949,31.1119088107,60.4901159645,1.0
34960,50.260550638199994,8.51516297452,6.433391627840001
35086,25.5607724258,-98.7081836518,27.5750665069
35171,35.3962678023,-97.98227914440001,1.0
35222,26.9452418714,61.287579722,1.0
35270,34.6652863711,8.35072185508,1.0
35683,51.379962429799996,67.8385017925,7.96584237123
35832,60.6590253826,60.700076297299994,11.214202318800002
35859,53.5819247788,60.632731291800006,14.5914975329
36220,54.9265886712,67.6288820273,50.0
36238,71.7239527962,-99.36095962700001,50.0
36279,49.3504471454,67.6760959339,15.2450895567
36437,60.0504557109,60.6206693855,31.024778318600003
36613,54.400982640200006,-98.7126574273,4.54264992306
36653,53.547329939099995,60.6339260933,1.0
36659,33.0913394197,61.2432625951,1.0
36674,55.287809185200004,-97.51748684629999,20.285223801
36694,33.337597253,-97.02219012340001,18.509744501300002
36732,47.3728905145,-96.3643554506,1.0
36859,40.3405385664,-96.4657882663,8.888534353539999
37008,28.5535517298,-100.13943958799999,1.0
37165,50.6602772227,-98.5149946756,1.96710632018
37379,27.450381560300002,7.4757791642499996,1.0
37402,41.6301947997,-96.41752700100001,1.0
37566,49.28010241729999,-100.181571676,29.103726567
37584,45.9603933846,-96.3534337283,1.0
37857,50.536417572,-100.31331419600001,37.336098182
37881,45.770226378100006,-98.33550893360001,1.0
37888,31.2215271544,61.206766578999996,28.4369560692
38002,64.1025512316,-97.2721968534,30.9699860553
38144,48.6699372262,-97.614322941,14.766876433299998
38297,36.4377109088,-100.07371425299999,2.8032188199
38341,36.1105309706,60.908586818500005,26.596333664099998
38351,62.7042176111,-98.7458359549,1.0
38360,51.9836570186,10.273618098,25.0247068162
38547,-75.11928231649999,59.8255838318,12.959133500999998
38782,26.425154434699998,60.6640658725,31.398645320500002
38815,32.2312445088,9.24844113519,1.0
38908,52.37298165560001,-98.3855871077,15.412910243599999
39081,24.5793301721,-98.87082870959999,1.0
39110,55.0978704034,60.8193734411,1.0
39111,28.5993720564,-97.17234625190001,1.0
39122,17.2518364743,-99.0779877884,18.5424908843
39128,28.9433024447,7.30330163468,20.2552272729
39144,31.1783343356,60.849101785600006,14.307567154400001
39185,46.256747176800005,-98.77356265559999,1.0
39261,20.424765873800002,8.97724033571,2.17390900848
39354,45.8491468271,8.4836167279,28.010568474099998
39415,40.7016310471,-97.45333619729999,13.19947212
39505,38.2259739705,60.856199868199994,35.0323113313
39520,44.9141937804,60.21544895939999,9.27460970638
39602,45.4175087712,-98.69624844270001,30.7675289327
39603,20.6020841217,9.43128579357,1.3466943501700002
39627,79.5465877742,11.7757282343,17.559926554
39665,43.6631852777,-97.55637751479999,28.1490460609
39790,61.269473014700004,67.8698984616,1.48251640609
39801,29.684933636100002,60.7908538875,8.40482946872
39948,27.207244281100003,60.6320365725,1.0
39953,23.8452948894,-98.6936193092,7.541447669319999
39970,52.735964234399994,-98.52160905299999,1.0
39991,46.03347044229999,9.370037360589999,24.2457281219
39997,59.8942207462,10.9786410303,1.0
40095,21.2804503377,-99.2498396867,44.947553911899995
40193,29.911838181999997,-98.777386494,23.9580303202
40229,50.2528265053,-98.77722160360001,1.0
40413,17.0848777904,-99.0716589742,17.6573171148
40449,66.80611129399999,-98.4666036036,15.8671403912
40640,32.9883261896,60.140461819399995,32.408207191500004
40763,51.468979793500004,8.26781942263,46.3403441392
40806,34.5262000897,-100.220476626,24.014442500700003
41035,40.0551679903,-98.8255018533,1.0
41108,45.295711777600005,-100.27910615200001,1.0
41208,25.6416850475,-100.229651097,24.154085052
41268,33.220763684299996,-100.09526156700001,19.8030356887
41272,42.965484742,60.867587381599996,12.3369670496
41375,26.117479693099998,61.4257230909,28.244130764899996
41521,30.083090989400002,61.4272903962,1.0
41572,19.9630047979,-98.992303283,46.372065194899996
41668,43.609122703500006,61.169945463000005,1.0
41691,27.1392350392,61.039401165200005,1.0
41808,49.0583302637,9.7846699273,14.385077774
41977,38.8399113233,61.280175585600006,1.0
41984,34.148683674000004,-100.133501564,1.0
42260,31.753959795500002,61.319149189799994,1.0
42491,72.9724066922,-98.26064001399999,14.7313042916
42516,44.893863933599995,-98.9430490894,4.78921489989
42696,47.864970786899995,-98.7450314172,1.0
42740,26.962251103099998,-100.008274267,14.083576274
42863,47.47354279859999,-98.23801450370001,1.05524787094
42971,66.6501358691,61.207389873400004,1.0
43193,50.328872564799994,10.0627217328,1.0
43254,58.4888799746,60.698441746099995,27.411406066199998
43306,25.9205950931,-99.30233638770001,1.0
43336,58.5819571765,7.907234235669999,28.148274301799997
43411,36.898879671399996,-100.05913083200001,1.0
43690,62.629279913699996,-99.27902943379999,27.3834843348
43896,49.8215512529,-96.6240731059,1.0
43924,39.2864512483,-97.3719657698,50.0
44201,66.47083764,-97.6509877886,13.377391852
44265,31.976544701599998,-96.98679028049999,22.7764723468
44501,-73.3734342145,59.3662008063,29.521958626300002
44663,29.0826571044,61.55330054270001,1.0
44668,59.053810426800005,60.661206525,6.55539656638
45074,29.555205928899998,60.9743383726,4.59011337294
45103,32.164423435799996,7.485704286900001,24.8260127818
45347,66.1475663862,67.73261359520001,23.723152384099997
45608,43.0365011178,61.2425850564,1.0
45869,41.520358947199995,-97.4897375824,2.75045707764
46031,31.6144190608,60.281581163599995,27.3580889506
46179,38.6030060732,-98.8758318776,19.8650316498
46190,31.4235584969,8.29307420441,32.7059423281
46348,61.9646648344,8.87976923673,32.1377320308
46374,18.2296431492,-98.6559822374,24.4823676121
46752,35.3365239782,-98.38691751209998,21.513122857600003
46835,40.9533688651,-97.5592135968,31.358879404
46867,21.831826920900003,-98.66749439729999,9.74157129909
47010,27.1412082829,61.3619802546,1.0
47033,57.6905097422,-97.4270094143,34.8420900737
47383,58.3777051055,67.8986613913,31.2405952652
47472,34.53889293,60.5316876676,14.810054748599999
47546,25.3351222644,60.8524986225,1.0
47555,55.2097768699,-100.363877464,1.0
47577,66.6991938068,-100.28793930200001,3.8423987012699996
47600,45.2271416932,-99.9107429173,1.0
47610,57.2302877834,-98.6413502124,6.395933472259999
47763,58.048581148400004,-100.087526488,18.2293899688
48384,35.5345740849,60.7191410772,21.6706904651
48401,17.0434160874,-98.4367966544,1.0
48790,31.532583124099997,60.1636110958,22.649923210500003
48792,70.0773362366,67.7854588826,29.272885137600003
48837,44.2060430943,7.95609045089,36.7632564294
48858,62.5089644967,-100.136506689,1.0
48893,28.3836119454,-99.02657045149999,16.4991764551
49326,41.9124798365,60.1735360307,36.544483649
49328,-76.6480853892,59.8316626414,35.338422233
49434,41.8820747544,-100.005754865,26.761850961900002
49452,37.2141951961,64.3541719284,1.90069530687
49699,55.246362183,-98.65312466469999,25.8469050202
49834,36.6387581914,60.240719724499996,17.7588658333
49997,48.20504871560001,-97.5233221345,28.8652723877
50087,53.38630113600001,8.15426202505,50.0
50175,27.2767496117,-98.028762149,1.0
50279,25.0600617317,8.23789774365,1.0
50309,49.2073460143,67.5839334589,16.320702970899998
50370,36.9014116134,8.39013573404,7.12718035594
50496,25.6576594933,60.3772706149,35.200226815
50732,40.3425622543,-99.88275591879999,4.0652931952
50745,57.9240791163,67.8233592245,38.6092621719
50813,25.3736179673,60.7179997758,1.0
50983,52.242706553199994,-97.4512888539,1.0
51045,29.766553058899998,60.705702531499995,26.6228155121
51175,28.3957124044,-99.9209300685,1.0
51184,53.1951297253,60.6933803515,1.0
51245,45.8986535935,-97.45400967549999,1.47625756541
51401,23.9670229506,8.07289962705,18.5668045995
51429,58.955824801599995,60.616254445,21.2593078584
51458,73.257528767,-99.2086025785,25.3293767201
51921,49.847840641800005,-99.87816798690001,1.0
52496,40.2062772253,9.30552981362,10.2969033527
52500,50.77410712020001,60.844182534,1.31558724818
52511,27.3714668584,7.580563099039999,3.81327557734
52772,61.0243609294,61.0650721581,26.9643449431
52805,31.167531097399998,-100.100794971,10.0507906251
53129,28.997531328,8.97196316213,8.51919490109
53147,36.5128064336,61.261996582399995,1.0
53175,28.391998609,8.658184265260001,1.0
53200,48.3179631357,-99.0013716345,23.3539516771
53277,48.7466186801,-100.65159214100001,9.28799884159
53332,47.0334050682,-100.94301450200001,1.0
53442,-79.1417609489,61.872898164,1.0
53585,57.8928736692,61.1095437332,1.0
53880,50.5056674616,-98.64167621920001,32.8152131329
53883,60.303947467200004,-98.7652763755,17.806286532999998
53896,23.6243010046,-99.2928807072,38.6376507018
54096,36.505702894,66.5459033747,1.0
54192,32.1466033847,60.904283890100004,1.4819981941999998
54656,18.1166531804,-97.21688201479999,1.0
54700,34.279215435,-98.8746936391,1.0
54773,24.6892727897,7.8270990971500005,1.0
54943,43.559963278299996,60.112902004300004,34.6327875534
55319,45.3167626878,8.60133807401,43.2740562865
55772,62.59312305939999,-99.2615787825,30.8062412971
55796,33.9242949465,7.46207439004,39.2916644687
55916,67.0499733176,-98.81074422620001,25.9920731331
55975,35.7417754715,-98.5365373689,9.49234093711
55985,59.361847769200004,10.9997190054,29.3634675457
56005,63.0518934497,60.637892701300004,1.0
56044,34.3430172845,-95.9818694115,23.1459625971
56056,63.757124038,-99.2535159335,14.0382067431
56155,30.4104656072,60.72000977689999,8.23067242769
56551,48.0465624796,9.760871432050001,41.0072998719
56610,39.9261119775,-97.50272252129999,19.9286095067
56657,46.2424257748,7.94271138587,14.7606333756
56792,45.3117394055,-96.32575129860001,21.3603854203
57023,40.1019586517,61.118302577799994,1.0
57040,32.1253137621,-98.14541352469999,1.0
57052,29.7185002227,9.01040365235,1.0
57258,35.839650454,60.340661518400005,12.769604785999999
57381,50.395322031899994,-98.76705807559999,25.0290594263
57416,68.4638400366,61.154542012,7.267109741589999
57443,52.808638879899995,-98.59569311540001,33.336366239899995
57527,38.619327289699996,68.338221911,23.379448915900003
57578,25.5755881975,-100.092042889,1.0
57643,52.85556794520001,67.6716036288,1.0
57730,24.1847310415,7.95487278616,2.52123712533
57787,36.6111660366,60.8952765884,1.0
58022,63.55221705060001,-99.93541865709999,16.3839988567
58049,-81.4458676935,68.83751874,1.0
58068,51.419333269300004,-96.4835590023,1.0
58101,27.450595438,8.14174961347,1.0
58155,32.578280300900005,60.5025180571,5.1739644377
58180,45.775534209899995,-99.9927157852,1.0
58194,28.935004213000003,-98.84090490700001,1.0
58211,53.4400205042,-98.8290707351,23.488009565
58514,34.417768126,-96.173062047,1.0
58527,32.4150931367,60.5762486022,17.0214757185
58661,25.1565538808,-98.53997515120001,23.7991856288
58707,53.558063333,-96.6372000506,21.329214333699998
58733,34.6725176566,-98.147257719,19.5217582384
58966,45.5114820894,7.973761681930001,2.12489354655
59057,46.9047109757,67.37472201439999,8.63391133098
59060,52.85992294060001,60.7514400963,1.0
59176,36.497910116999996,66.18035006470001,1.0
59216,28.3470016996,8.015462605489999,1.0
59974,37.7239006867,60.0252297547,1.0
60015,20.531153351,9.5276031566,2.25288341687
60030,59.1690983042,-98.5863643876,1.0
60129,-71.8672741478,59.418125338,50.0
60135,35.608408903400004,-96.08345587049999,4.26646228435
60181,48.238485044499996,8.07879703113,34.2364338087
60226,57.171699922100004,-100.009208962,31.9758654438
60279,24.655126949499998,-98.78888564549999,1.0
60370,36.3915829249,-96.1834801807,1.8367887515999999
60381,36.097693354499995,-96.8894226457,6.4289760213300005
60500,39.9030537932,61.020352285200005,25.0501117413
60514,26.4712481141,7.541177382360001,1.0
60527,22.6181846189,8.84122127486,1.50360502113
60623,35.5682947348,-98.1138433735,1.0
60720,43.625988796099996,61.428233139899994,11.401349013699999
60770,24.0224333641,8.91514558117,9.838133281589998
60881,62.90765274899999,-98.39319475030001,1.0
60964,28.3051938028,-97.2096241525,21.6395804829
61056,55.2209167752,60.9551148234,21.6800605582
61139,41.956035241,61.4218602197,27.827159166999998
61223,61.2212584137,67.9039330107,4.612906439680001
61230,36.1095163587,7.86567857649,10.9916921654
61268,51.35392102270001,60.7177898725,33.6509985901
61392,37.6472956868,60.068382399099995,3.08337544407
61423,39.2705267632,60.8073020349,19.3688078343
61427,44.07384254229999,-99.76288103290001,1.0
61507,23.401834714099998,8.99504499329,8.032032240980001
61548,41.9144565001,-96.3069230272,28.3514667641
61610,47.4771522068,-96.4337562483,31.7888408994
61697,65.54361287399999,-97.6517501189,11.7311260296
61838,24.6205201255,-100.13116881799999,28.5578853905
62218,30.7561338871,-100.13717986399999,10.262001486299999
62238,30.489255395100002,60.6264261409,1.0
62362,34.0157773066,-98.9331119181,19.5869475145
62414,40.8001909818,-96.36401748680001,5.1768725061800005
62449,28.3216014496,61.2507535688,1.0
62562,44.0470641164,67.5166440585,28.701031606599997
62584,17.9517485135,-99.0208486632,19.1202373698
62647,43.553865469499996,-96.31070878790001,26.560135995
62720,53.1124996712,-97.4387483378,13.456045126500001
62790,20.5026227984,-98.7024341525,22.7496698408
62843,29.3693335228,7.2048405098699995,44.195690898
62887,30.103986445900002,60.572584710600005,1.0
62977,25.4208404573,61.21689376649999,1.0
63301,36.1833147988,61.33308391439999,15.9763045028
63508,38.9386690982,68.1860991769,1.0
63623,53.488293365699995,10.5057022681,11.4457564444
63739,55.4783955496,8.82840005654,28.3220032911
63749,25.018787159099997,7.44943882352,17.6838677424
63829,53.191772934300005,60.884292935699996,1.0
63855,34.4966244046,-96.0858063346,1.0
64021,32.9161194201,60.7836082566,8.05891202157
64141,60.5912795246,-99.5721681363,39.086263965
64147,30.6078991077,-98.85410066120001,12.1647611629
64198,28.178526454,8.88611017167,1.0
64255,51.397303136400005,-99.99052202700001,1.0
64294,23.955004017100002,-99.954166731,16.0549533654
64327,29.8141325133,-96.55623765200001,25.5848877999
64527,64.7800546836,60.2399609152,1.0
64546,38.675787631599995,-98.3585565225,18.5532208234
64670,56.1035144991,61.003054421499996,18.0902124622
64697,58.2692165761,8.032530258180001,1.0
64699,30.851878240900003,-98.82776524139999,19.6550842016
64724,65.5570371618,60.393904220900005,7.999491281830001
64759,33.2718784178,60.2085557473,11.3344868015
64768,75.5983549659,-100.238280461,36.2039396254
64797,30.261170386999996,-98.58797339709999,1.0
64833,57.7443937767,-96.8281658508,16.251633762
65196,28.924104283400002,61.157131703299996,1.0
65325,72.3196058431,-98.91342683459999,50.0
65433,35.4174904528,60.269630612,5.8999841128699995
65563,-69.4522947153,60.17895216270001,1.0
65625,72.0218586682,-99.0730642278,50.0
65793,47.54787633390001,9.55641692189,29.516686159499997
65815,41.0228732069,67.7608671476,29.345956815300003
65925,38.3271793689,60.9513776458,4.56284154113
66054,47.2333158288,-100.066791691,50.0
66191,27.489700179499998,-98.74853874989999,24.5592017857
66215,39.749578189,8.55589008906,38.0449605492
66228,23.095240884899997,-98.8595588692,25.037653751300002
66235,29.248239099899997,61.4811183663,11.3024297858
66391,49.9867427618,-96.5860448833,12.7634411295
66451,27.545561878,61.090463460900004,31.035428187199997
66490,48.38649901310001,9.82284347125,13.9334996673
66545,39.789250349,60.1971276438,37.538492163899996
66808,53.218179452600005,-100.280463615,50.0
66906,44.0299166622,-96.339351478,7.489453793160001
66919,16.3857465684,-98.1682016514,18.1039963926
67055,-79.6649489778,73.63268959199999,1.0
67066,-75.3231073836,60.3557061735,31.092703077600003
67111,-73.938488814,59.7355125749,31.475332370100002
67203,40.262622321100004,-98.6245133335,10.938281301199998
67483,28.3609977153,-100.273355313,13.1305289361
67493,40.4620370582,-98.4217694868,21.5155081916
67512,60.275941059,67.7712145275,1.0
67543,29.278640825700002,60.5606594021,15.9566524485
67673,37.811463546300004,-100.177637928,40.6490974722
67712,-80.2992293408,73.2117802205,1.0
67723,53.74734976,67.630990587,13.4204896433
67759,57.477809953699996,61.072475493599995,29.7640623986
67812,38.0986293766,68.0801066807,1.0
67885,30.6857044839,9.34903510216,2.95283164322
67931,34.274281468299996,8.288204878270001,29.936703612600002
68086,16.759037669,-98.5118042362,25.111545558299998
68087,66.7187454811,-97.4654437757,23.8755833192
68256,48.543034265,8.05106531256,17.5760037359
68466,21.964201083000003,-99.2722820518,11.990570807100001
68485,-78.9376192906,61.6937975259,12.8129914019
68554,35.46589181,61.074543662299995,41.5315527462
68567,-74.7347991835,59.5288572035,11.0940283917
68640,35.6352619273,9.282167502030001,27.4200711657
68648,53.1915759487,-98.6908891797,13.4305102673
68683,29.520031734299998,-99.0082901508,27.3386229538
68944,26.4376401023,6.797471001880001,1.0
69121,25.522991279299998,-100.019812456,4.830429179009999
69137,32.5301803844,-96.23109305860001,8.55044586487
69355,40.0120718048,-97.4853735226,1.0
69366,29.21126894,8.34801432517,1.0
69446,53.65497787899999,-98.6070952546,1.0
69638,50.0381818029,60.8514634517,25.652613519899997
69662,28.177215682800004,-97.38322852489999,1.0
69775,56.0768721595,-99.86866647069999,38.7943337153
69804,-68.9039273613,60.7418882755,5.3186519395300005
69838,56.7258255583,-100.296546974,34.0415105287
69882,50.0127120777,60.2347581514,1.0
69914,78.56601076689999,-99.61677253379999,22.5479425929
70008,18.900997048,-99.17591965049999,27.8769098858
70081,-79.9630728156,61.518068585900004,26.9043837842
70087,30.3142818547,-99.96248041,9.387418017869999
70376,44.8520812833,-98.9173946764,16.5469945409
70461,28.929298526100002,-96.67170871219999,1.0
70546,47.725260463000005,8.63444258778,1.0
70764,59.996974198100006,7.9916294812199995,28.1999207585
70904,34.405817668400005,-96.5481811451,48.207862141999996
70990,26.2549157477,-100.298851078,1.0
71088,60.77190822399999,8.77455253661,17.3274323507
71100,16.6175836932,-98.8911948019,32.0365931663
71117,41.7977124716,61.3652388929,1.7737955012900002
71134,43.6460499513,-98.3071781715,1.0
71334,62.4551270941,-98.79087417139999,3.38652786865
71457,38.1526025891,60.0157348206,1.0
71521,52.3301897274,8.76167577746,5.70759000592
71637,47.4633450578,61.184141644499995,36.843732999000004
71740,29.3917207434,61.1644256884,1.0
71918,73.3542221537,-98.0525310489,29.927618354
72121,32.0753909356,60.5271014879,23.8821266764
72134,60.203735145100005,-97.367783623,6.9310413100999995
72354,29.062103622800002,60.846566052700005,20.5009811339
72366,30.1403271167,8.073704634439999,19.1989644176
72479,80.93496942899999,61.1476527678,4.88073425764
72484,20.7958310374,9.5011838735,1.30920476263
72514,31.1163571559,-98.8350940931,13.563114475199999
72569,-74.55617507630001,58.621972561099994,46.29835562069999
72616,59.93692527060001,60.9328534977,12.5909015798
72834,52.08236241149999,-99.8407475978,19.4501293877
72844,24.158980231799998,8.773507743360001,1.0
72867,42.418910179,67.5688633862,41.4443078175
72926,18.1990072163,-98.942687202,18.8302946476
73066,37.5482107284,-96.494429315,1.0
73100,52.476930885600005,60.6168986887,1.0
73216,-76.3667027299,59.306332438999995,27.462474157600003
73226,43.279342501,61.192440601499996,11.042090738699999
73251,40.1024199948,61.201431442200004,31.4002265732
73295,44.347298013,67.4469352838,30.081099518600002
73328,32.7369342799,-96.8627052382,1.0
73382,33.8966224456,7.54115767506,18.0654838188
73418,47.8378662424,7.982720088019999,7.38349736283
73500,-68.8579952389,61.010763335200004,15.9023554925
73619,30.605997967199997,-98.8110804402,26.1452999744
73783,53.5561849232,-97.41741525549999,30.032884741999997
73807,38.1918605411,-98.4570980679,1.0
73815,55.3460714618,60.886308559899994,19.926453865899997
73875,30.554784058000003,8.243683963210001,1.0
74052,47.275594562799995,67.4009418499,1.0
74213,50.975523168900004,61.055816600200004,5.0116866049
74443,16.3010069037,-98.1270892156,21.7575322129
74489,66.26466566970001,-97.5136408074,33.9512999277
74512,27.1885373353,-99.2619215732,15.1401686932
74652,34.918861067899996,-96.8000970442,27.1428036086
74838,69.5176454306,60.8438317857,1.0
74840,39.7232654206,-99.9148514705,5.57917377303
74877,26.9589217778,8.331881923680001,35.6312682433
74954,44.432628147799996,-98.82209560959998,12.895497473299999
74972,46.9013332328,60.8906197672,27.1926647567
75187,46.475171305500005,9.43031262399,23.2299277229
75255,25.215208440599998,61.076449108999995,15.399307036600002
75289,40.6530830993,-98.72442346870001,3.22650516584
75300,30.759615526599998,60.2418946068,28.7463979068
75345,24.2667003879,7.511738629530001,2.07619791551
75708,52.050625085200004,-100.097344327,11.8337794152
75782,31.543241805100003,-96.32181557979999,27.1774158289
75856,34.1838852385,60.2191459155,1.0
75899,60.4244674766,60.763676127,38.544234859
75972,49.285513684799994,8.728376309,1.0
75973,58.504929518999994,8.79996763939,5.06409032191
76130,29.3348444332,9.07769810094,32.2017956855
76312,66.58337436949999,-99.0917978097,6.385631051440001
76353,33.881465153899995,-98.531594649,1.0
76391,73.6297365012,-97.5441359492,1.0
76392,33.3306586656,60.9535260419,1.0
76559,29.5812881022,-96.32281856870001,12.0337595957
76582,59.543388409799995,8.88877715561,1.0
76627,37.3873799244,-100.22224812299999,1.0
76660,75.7109787297,-100.23754546200001,17.3981811293
76698,59.6752659433,-97.4776805974,12.959881801300002
76885,-75.4955232744,59.6372455892,18.9385940789
77021,47.0052301008,-100.82586754100001,1.0
77138,56.3366207631,-98.55928632969999,16.3369353199
77248,32.152066983699996,-98.68137129770001,19.962920378499998
77325,41.7103994183,61.0266807147,1.0
77408,24.600821687699998,-100.164236051,1.0
77438,46.231458895500005,-98.8267839224,28.2276658162
77545,57.91536073979999,-100.238872534,4.2238788739099995
77567,53.5883492678,-97.41297041280001,16.6991084237
77669,31.1323161875,-97.0180702773,1.0
77742,29.488266826500002,-96.4334789568,24.7253032969
77878,58.98374755,60.860817716199996,1.0
78048,28.900420652199998,8.98933204323,12.4577780927
78175,57.667528874700004,-98.6961355545,18.1152254229
78245,28.0148107695,61.049379171999995,30.5535885746
78326,41.479152223,-98.5928726434,1.0
78486,45.3687553122,60.93262096189999,1.0
78572,33.0056262928,-96.72505454819999,24.2121972046
78644,33.3044403028,60.543877035600005,1.0
78718,45.1176458241,67.5873894476,35.9036700287
78881,19.5743846257,-96.60044254430001,1.0
79141,46.6679218629,-98.4985606293,4.977829422069999
79178,41.1890975842,61.0287639602,5.2406542128
79309,47.467646210299996,60.819061194300005,1.0
79551,35.0283122982,-96.6991901584,9.58051966242
79589,49.4205132258,9.929172605760002,26.405646991599998
79781,66.1413383571,-100.252214325,4.06657945595
79832,30.7040938131,61.3181515346,9.9929888102
79935,55.4907808229,-96.63979954950001,1.0
79966,42.4758113944,-99.9304159741,1.0
79986,28.971408225,7.272428758689999,1.0
80017,53.359972405200004,61.2004183022,1.0
80115,44.862557437700005,-98.7296476451,3.5993635826099997
80118,61.547129558500004,60.8033238913,1.0
80149,29.612870980500002,60.7921843347,42.5562114998
80182,28.772749459099998,-99.9809151863,19.9993062511
80616,36.1590653625,-98.3596642352,5.58524760206
80621,48.7015666975,60.1981347892,1.0
80701,47.1535352524,8.7039203641,24.2600538673
80702,36.3054773577,-98.631698907,1.0
80955,31.0429412252,-98.35078746299999,1.0
81000,51.912408574,60.0802619653,1.0
81028,41.521819982800004,60.1617562195,8.214253242669999
81160,-81.054756739,63.300361904700004,1.0
81280,-72.55740650140001,59.9434081907,30.4172110776
81307,31.4191063719,9.402749515830001,18.0578294691
81323,33.8377676191,-97.7450096637,13.9876513005
81359,36.9764683804,65.2612080822,1.0
81531,54.821113555699995,8.67996209449,27.050795115
81700,-79.3849071057,73.1561077282,1.0
81712,42.3446714352,67.5322261054,19.738734485
81750,71.4462882662,-99.18597234639999,32.457672745
81769,58.5151844964,-97.4491278957,1.0
81870,31.4510163956,8.43775723139,1.0
81902,49.0149652633,8.119169435760002,1.0
81965,60.477176855,-97.11648012379999,1.0
81978,42.0642976931,-98.3750713677,17.2533503547
82009,36.7626314299,-96.9241234557,17.6267263669
82243,27.0303259286,-98.8317312207,11.607391823399999
82248,34.4285132221,60.62254459930001,1.9043122345200003
82507,46.8546960575,9.63495374987,46.83419319229999
82561,25.5674571848,60.691729341700004,18.3931449185
82634,52.8845790445,8.85058382887,31.737005033899997
82654,38.9047346398,64.3084851764,1.0
82659,23.742320835100003,-99.2075303659,16.9543737895
82731,40.0584743385,-96.50011337149999,17.6830111444
82961,46.7288515533,60.7380223633,6.2332594612
83105,43.4273098676,67.4363758778,10.3318440063
83122,53.697547165100005,-100.298136496,1.0
83140,36.4787296065,-96.2648954709,34.1062638639
83193,32.7746668827,9.104734066419999,20.7246571082
83206,41.078704884699995,-96.4342061949,1.0
83258,65.9563320125,60.52312252310001,1.0
83288,44.3154407846,9.21271676413,44.8165353714
83303,61.2590512179,10.974329946,50.0
83716,35.1183630357,60.647751651899995,10.6254661904
83776,-77.8712168558,61.722325095900004,1.0
83832,38.0992720047,-96.5041643867,24.6410654048
83929,28.056503315500002,-99.8915890076,1.0
83983,53.5001660461,-97.3955747594,14.560815998399999
83994,35.1845345526,-96.0036590348,21.819276919
84067,19.8671002901,-96.55042792,1.0
84271,-81.68550921020001,67.6897429598,1.0
84322,54.185356803400005,61.1648097632,21.2166147392
84364,17.667755179300002,-99.0790989313,32.7757715647
84409,39.202463405900005,60.9841872619,10.4821728241
84508,28.5725701404,61.1191589992,16.9299933506
84611,35.1798673654,60.3315889728,10.4283656418
84722,33.9839455184,60.5956557485,22.86266421
84781,31.0029119715,-98.6355573706,42.680308689099995
84926,45.9513557117,67.4473152861,26.2785164389
85150,21.574562693,9.72294886648,1.0
85240,-78.6964960516,73.5421798291,1.0
85270,57.9736746558,-98.648521484,42.432177926
85398,63.6732547416,11.0120521871,13.920605294300001
85446,71.94986251489999,-97.6303235149,1.0
85457,44.96832053,-98.5319275651,1.0
85484,44.9741170125,-98.7800541466,16.109383417100002
85573,53.182447141000004,-99.9893387758,16.719586088299998
85645,40.7424614989,67.92841596,43.4309799387
85672,53.1332484189,-98.88230254950001,15.2953408689
85754,48.9925912469,60.924607254399994,9.37723725317
85976,29.9680505146,61.6277220081,1.0
85980,27.3489228271,60.724468112,28.541269436900002
86071,27.0163080343,-98.63305049430001,1.0
86353,-79.795376187,72.79263126720001,1.0
86406,29.3959654867,8.9664220466,33.7064235063
86424,31.7158560304,-97.0276709099,8.104665908200001
86767,37.081300167600006,9.14907612865,15.013183064100001
87061,-80.6358879159,62.17050308140001,4.36341301522
87268,46.1629212573,-96.3592208634,3.4743467203199994
87278,57.441569392,-96.7929359309,30.477719740700003
87616,53.2830160021,60.0773171175,12.942254088199999
87630,-81.2015657273,69.56514638739999,1.0
87662,51.432485095699995,60.830308741,1.0
87764,65.9672205248,60.542996556400006,1.0
87765,75.6028156376,-97.42434405690001,18.334047743499998
87898,-80.7123306362,62.6708334201,3.50903752574
87943,64.48550925720001,-98.443877105,1.0
88157,47.4479580247,7.98285442129,1.0
88247,36.3511290028,-98.6142930511,7.907504488230001
88395,23.4038570688,8.86068839999,15.017767321400001
88413,67.5634653126,-98.4417462981,1.0
88490,57.0565070063,67.5901230761,1.0
88515,66.1385706361,60.5366282682,1.0
88608,50.463592463999994,61.0150799389,10.0066916501
88758,58.3695841407,60.373001171999995,13.6482351983
89084,29.5828664027,61.0617443508,27.0087818975
89183,40.0348381085,-98.85446221790001,7.6062600808
89187,33.816763736599995,9.0764631566,9.45772775128
89355,17.1930961511,-98.5369243744,26.5343339041
89695,51.4331490469,10.193181218300001,4.70253568217
89773,-71.9967907348,60.2700200441,42.3259490241
89827,39.5662768003,-98.82581830459999,50.0
89905,75.4714083249,-98.86199316790001,15.6906555716
90257,55.338906110399996,-98.3879917899,3.50844628177
90437,30.8646896608,-98.2820294169,1.0
90582,51.570736744499996,-100.114672526,25.3359989104
90600,46.7226061796,-99.65057477149999,1.56029204228
90875,23.550964368600003,7.195128722839999,2.3534987525799997
90961,56.389537519099996,-100.21368051700001,9.19564115638
90968,-71.761098533,59.8194758906,1.0
90989,57.5009311072,-99.87831411180001,1.0
91067,33.6037869227,60.974936568100006,5.9382286508
91073,32.6935104914,-96.2454976753,1.0
91181,45.2687482195,-99.92723246959999,17.5070281112
91383,41.5468215586,67.7208926235,1.0
91434,37.5369909163,67.7374822705,1.0
91450,53.5445779621,10.4819291792,19.0035547348
91473,67.6791757967,-98.8684184084,29.8268609934
91705,53.976754296,-96.71175387,8.889577601910002
91996,49.8017891985,8.59827513813,10.030991979
92093,32.474572449899995,7.5196627528999995,3.98582453455
92158,28.2205061387,7.34696992495,15.284936157
92166,35.2348264553,9.20550434012,1.0
92251,30.8927024784,-96.363651139,1.0
92268,48.668932295299996,60.7087347617,1.0
92414,42.8654015025,-99.86274907319999,10.7986418216
92514,29.4903962627,-96.3722882371,27.3498955861
92528,28.569573926799997,-98.848787822,32.1778302716
92962,27.8340287041,-97.2417744939,14.257029761199998
92992,24.812713247399998,8.14969486258,16.3256329298
93079,47.2983951412,60.9613063334,12.4570751547
93190,31.7629396635,-98.84175648899999,20.7950453396
93196,65.845748943,-100.26346991700001,31.2333729645
93439,22.644163706599997,8.75073479109,1.0
93512,26.3785981521,7.586363132000001,1.14530818736
93597,49.2509489946,8.693960995060001,1.4226771680599999
93617,21.914063743200003,8.272943257569999,1.0
93630,56.181496618000004,8.81610124092,1.0
93700,63.487851873400004,-99.96186073770001,1.0
93756,27.1273784192,60.9175282427,33.3579103111
94223,32.5399182081,60.4754209051,49.1205702588
94392,46.656213507,-98.68831905209998,20.8526644967
94440,32.2245283177,60.4188109608,1.0
94568,27.922794518699998,8.062913284939999,5.7440604209899995
94587,-68.1422974251,60.615189846599996,37.8005259361
94636,27.8826254542,-100.034434783,23.8960335598
94735,62.463596610399996,67.7336307019,1.0
94799,51.4037950868,-100.10318920200001,10.719851788
94885,42.1954788299,-96.2792242986,31.3410126369
94934,21.9457939475,9.33194474155,2.62576423588
94955,61.4420940008,61.0201756701,22.975737282199997
95000,57.145432335,-98.7652640302,1.0
95012,18.2082383787,-98.9792076122,7.7945564764499995
95219,60.929414458500005,60.943802623900005,41.9921490461
95239,48.464375379799996,60.1514719267,9.155416761860002
95467,61.5363097784,-100.089976909,1.0
95556,17.769835217,-98.6814216436,1.0
95573,75.4301898669,61.2713506639,41.1771953423
95626,75.47162983850001,60.842804080200004,1.4197323529199999
95845,50.119590230600004,60.82888609729999,32.9324801379
95871,49.3597343907,-98.8488371176,40.6880883156
95877,33.6750605562,-96.6860048838,14.8005775072
96014,52.5006230888,10.3547408377,36.282986217600005
96075,40.4962228422,8.53088640239,9.72855950917
96202,36.4260049133,8.38910018103,26.1854470089
96493,28.316132056399997,61.1055661013,1.0
96613,46.631916752200006,67.4243821579,14.5722955969
96635,43.563052560600006,-98.5637917814,5.04211481954
96663,46.7317174625,-100.84092028,1.0
96732,36.3382997387,-96.15406962459998,3.0914108991900004
96912,21.785549360999998,-98.5979234751,38.7255958326
96989,46.560796161099994,-100.02304417799999,1.0
97023,64.552256942,-99.10022506950001,36.896080548
97067,47.84331454229999,-100.89702848600001,5.443822117640001
97097,43.131418616400005,61.4194718483,1.0
97135,59.446193556800004,60.6290303393,50.0
97169,28.241078291500003,8.474229356,1.0
97221,57.813088426499995,67.74848238050001,29.838809873200002
97288,16.839148348800002,-98.8660089886,15.400212099300001
97319,67.196715036,-98.6693120843,17.9257745502
97387,49.9409375375,-96.6306238544,24.749048033
97398,26.9520966157,-99.0174088335,1.0
97420,31.3378468963,-100.042316537,38.420979600100004
97452,37.8676447168,-98.4280672409,1.0
97753,43.9964980117,-98.59740510200001,3.78340610455
97922,41.660766504899996,60.1664569482,18.7906467174
97993,37.660585732,-97.1361130132,10.922541989600001
98119,20.124831828199998,-99.04525259540002,20.4936554255
98454,25.862567671300003,60.5800604015,2.9949273206200004
98606,62.156935313299996,-98.49933134049999,37.7424375862
98776,52.8487938758,-99.787826475,50.0
98891,46.9781912458,-98.79290836690001,20.3395533094
98958,33.1485577368,7.595303338250001,30.7612746078
99004,18.9424626805,-98.5196060426,11.3501481755
99049,42.9248948201,-97.3612788092,1.0
99256,58.165493777200005,61.054199609499996,1.0
99458,52.317310319499995,60.697985054600004,6.99945580616
99477,71.8519623881,-98.4301197794,1.0
99527,61.9274509646,8.06090763405,50.0
99684,-80.78117127430001,72.3946724327,1.0
99857,52.9343893468,60.116173442,30.5198809218
99861,58.3368264541,-100.273749615,3.65703015922
99924,29.131517330500003,8.39230584093,1.0
99952,30.2266453045,61.364254174799996,1.0
